1.jpg,262,90,308,142
2.jpg,244,181,413,362
3.jpg,115,119,289,378
4.jpg,130,55,218,151
5.jpg,224,125,304,232
6.jpg,293,67,348,139
7.jpg,108,68,200,169
8.jpg,166,167,364,372
9.jpg,257,70,346,174
10.jpg,211,149,345,287
11.jpg,248,108,354,248
12.jpg,90,72,258,295
13.jpg,234,94,316,200
14.jpg,178,105,254,197
15.jpg,91,198,250,373
16.jpg,213,161,317,287
17.jpg,153,83,226,181
18.jpg,259,102,368,243
19.jpg,164,188,342,377
20.jpg,263,82,337,177
21.jpg,129,111,183,169
22.jpg,216,72,345,216
23.jpg,104,80,182,161
24.jpg,158,142,362,362
25.jpg,230,65,290,128
26.jpg,197,112,313,273
27.jpg,103,72,287,283
28.jpg,213,55,269,129
29.jpg,215,106,299,215
30.jpg,261,105,338,201
31.jpg,266,81,334,174
32.jpg,130,87,289,293
33.jpg,164,116,244,204
34.jpg,34,98,227,312
35.jpg,248,79,352,221
36.jpg,109,132,181,230
37.jpg,192,107,306,254
38.jpg,235,91,302,168
39.jpg,100,135,239,282
40.jpg,65,116,299,357
41.jpg,242,35,341,163
42.jpg,140,141,400,448
43.jpg,128,90,293,289
44.jpg,207,98,392,335
45.jpg,97,189,232,340
46.jpg,130,149,330,408
47.jpg,139,103,221,191
48.jpg,264,105,338,198
49.jpg,199,100,256,177
50.jpg,153,134,263,273
51.jpg,191,196,321,360
52.jpg,116,114,247,266
53.jpg,125,45,187,110
54.jpg,167,10,331,201
55.jpg,187,129,293,262
56.jpg,173,176,262,307
57.jpg,170,125,214,177
58.jpg,153,99,231,194
59.jpg,160,72,292,248
60.jpg,157,134,293,324
61.jpg,84,55,125,102
62.jpg,135,72,211,155
63.jpg,220,19,366,196
64.jpg,259,110,362,228
65.jpg,239,90,295,155
66.jpg,185,86,312,220
67.jpg,213,78,290,183
68.jpg,218,68,304,167
69.jpg,164,168,207,220
70.jpg,129,47,180,103
71.jpg,137,70,199,144
72.jpg,134,112,178,162
73.jpg,177,58,266,171
74.jpg,240,99,313,183
75.jpg,313,110,364,174
76.jpg,200,119,319,258
77.jpg,70,90,282,319
78.jpg,149,67,325,283
79.jpg,184,96,241,161
80.jpg,203,71,319,238
81.jpg,289,120,362,211
82.jpg,260,155,362,273
83.jpg,173,180,238,249
84.jpg,110,120,201,226
85.jpg,219,130,273,198
86.jpg,164,75,223,137
87.jpg,304,91,401,221
88.jpg,192,143,296,264
89.jpg,123,58,380,386
90.jpg,199,99,255,180
91.jpg,104,203,210,339
92.jpg,137,60,212,148
93.jpg,58,122,203,288
94.jpg,221,180,264,235
95.jpg,127,151,219,268
96.jpg,202,76,320,239
97.jpg,301,58,361,140
98.jpg,100,59,379,347
99.jpg,246,83,319,170
100.jpg,300,85,370,175
101.jpg,71,109,156,188
102.jpg,201,214,242,263
103.jpg,197,72,299,215
104.jpg,379,78,443,163
105.jpg,158,51,305,234
106.jpg,128,87,187,158
107.jpg,218,106,289,181
108.jpg,304,101,352,162
109.jpg,178,66,262,159
110.jpg,173,145,253,257
111.jpg,212,47,276,126
112.jpg,188,99,349,289
113.jpg,131,121,169,167
114.jpg,153,94,219,172
115.jpg,168,28,244,108
116.jpg,205,52,322,226
117.jpg,294,83,345,137
118.jpg,181,172,314,329
119.jpg,96,131,288,323
120.jpg,172,160,384,420
121.jpg,269,109,338,189
122.jpg,135,43,332,267
123.jpg,215,80,303,184
124.jpg,161,120,390,392
125.jpg,112,120,184,201
126.jpg,232,124,269,166
127.jpg,224,98,373,310
128.jpg,151,74,347,318
129.jpg,210,124,320,256
130.jpg,178,91,251,177
131.jpg,201,213,240,259
132.jpg,89,157,201,307
133.jpg,285,134,331,193
134.jpg,336,128,372,164
135.jpg,160,113,385,403
136.jpg,346,99,416,198
137.jpg,213,97,358,274
138.jpg,251,87,293,143
139.jpg,137,63,209,146
140.jpg,212,94,357,277
141.jpg,121,94,186,160
142.jpg,75,128,138,203
143.jpg,278,41,346,142
144.jpg,94,72,254,294
145.jpg,232,126,315,226
146.jpg,232,121,339,243
147.jpg,178,94,241,157
148.jpg,263,87,311,133
149.jpg,244,116,333,227
150.jpg,230,132,337,254
151.jpg,106,143,242,310
152.jpg,211,104,328,235
153.jpg,113,212,257,401
154.jpg,228,56,295,132
155.jpg,215,92,323,195
156.jpg,121,98,193,177
157.jpg,295,123,383,226
158.jpg,229,126,277,176
159.jpg,143,186,264,333
160.jpg,228,160,264,204
161.jpg,301,69,361,138
162.jpg,251,54,294,104
163.jpg,219,48,268,127
164.jpg,244,25,322,121
165.jpg,67,109,227,316
166.jpg,340,146,385,199
167.jpg,175,66,299,192
168.jpg,234,70,279,118
169.jpg,223,113,277,174
170.jpg,266,163,383,318
171.jpg,176,114,242,182
172.jpg,60,122,196,284
173.jpg,104,136,160,207
174.jpg,66,61,98,103
175.jpg,297,123,385,228
176.jpg,191,158,301,286
177.jpg,230,127,315,227
178.jpg,173,128,216,181
179.jpg,268,62,335,146
180.jpg,183,89,322,234
181.jpg,128,76,207,176
182.jpg,293,103,337,155
183.jpg,247,56,303,127
184.jpg,187,109,284,241
185.jpg,204,70,273,144
186.jpg,173,110,248,187
187.jpg,172,52,284,179
188.jpg,93,198,224,330
189.jpg,191,119,265,197
190.jpg,123,65,183,128
191.jpg,218,59,379,248
192.jpg,193,140,294,262
193.jpg,58,105,327,407
194.jpg,249,82,324,171
195.jpg,268,132,386,271
196.jpg,235,124,269,165
197.jpg,313,114,362,170
198.jpg,276,44,341,137
199.jpg,290,142,330,192
200.jpg,181,175,310,335
201.jpg,157,90,217,171
202.jpg,303,166,397,279
203.jpg,259,106,317,174
204.jpg,93,158,224,326
205.jpg,153,119,274,284
206.jpg,233,84,309,173
207.jpg,123,206,262,352
208.jpg,79,94,162,188
209.jpg,239,92,292,152
210.jpg,255,162,329,243
211.jpg,238,125,328,235
212.jpg,130,56,256,210
213.jpg,192,204,318,357
214.jpg,201,118,276,201
215.jpg,211,97,375,295
216.jpg,161,137,202,187
217.jpg,197,81,240,139
218.jpg,117,85,396,339
219.jpg,222,123,279,187
220.jpg,179,74,222,120
221.jpg,115,196,163,250
222.jpg,325,43,433,162
223.jpg,248,82,317,169
224.jpg,224,87,313,198
225.jpg,35,103,235,341
226.jpg,368,57,399,99
227.jpg,249,36,322,118
228.jpg,147,115,355,303
229.jpg,199,114,298,217
230.jpg,165,64,224,124
231.jpg,219,124,285,198
232.jpg,225,125,315,248
233.jpg,182,64,244,148
234.jpg,113,91,191,174
235.jpg,77,104,139,186
236.jpg,176,136,261,247
237.jpg,277,141,375,272
238.jpg,200,65,358,250
239.jpg,289,61,395,192
240.jpg,238,67,310,143
241.jpg,265,76,364,208
242.jpg,166,120,329,294
243.jpg,236,63,311,166
244.jpg,71,141,132,214
245.jpg,263,110,290,147
246.jpg,174,75,287,190
247.jpg,145,179,308,396
248.jpg,331,129,414,234
249.jpg,219,133,273,196
250.jpg,173,113,275,225
251.jpg,194,89,294,225
252.jpg,137,81,174,131
253.jpg,334,76,383,136
254.jpg,230,142,368,301
255.jpg,159,145,256,264
256.jpg,209,134,307,261
257.jpg,104,136,279,322
258.jpg,169,110,290,246
259.jpg,57,171,184,319
260.jpg,225,78,299,162
261.jpg,173,152,251,250
262.jpg,225,77,295,155
263.jpg,137,81,205,152
264.jpg,204,99,278,167
265.jpg,188,119,243,199
266.jpg,218,95,299,187
267.jpg,98,164,211,338
268.jpg,172,91,282,219
269.jpg,221,135,320,268
270.jpg,223,74,329,199
271.jpg,220,73,304,193
272.jpg,332,173,424,299
273.jpg,97,166,205,339
274.jpg,175,106,228,185
275.jpg,186,36,228,185
276.jpg,335,81,377,132
277.jpg,219,146,266,200
278.jpg,172,123,228,188
279.jpg,95,247,254,432
280.jpg,165,113,236,195
281.jpg,240,38,302,101
282.jpg,256,120,344,235
283.jpg,183,69,255,157
284.jpg,329,126,409,234
285.jpg,235,107,293,165
286.jpg,223,96,273,140
287.jpg,156,100,217,169
288.jpg,149,37,187,84
289.jpg,92,198,225,345
290.jpg,140,51,342,271
291.jpg,115,142,169,209
292.jpg,174,322,257,455
293.jpg,131,128,229,250
294.jpg,202,80,274,163
295.jpg,280,88,397,248
